text,source,title,url,timestamp
"US-based activist agency says it has verified 3,766 deaths from Iran protests A US-based activist group said it has verified at least 3,766 deaths during Iran’s protest crackdown, warning the toll may be higher. The revised figure exceeds any unrest in decades. Iranian authorities have not given a clear number, though Supreme Leader Ayatollah Ali Khamenei cited “several thousand” deaths, blaming the US. Activists also report more than 24,000 arrests amid rising US–Iran tensions. A US-based activist group said it has verified at least 3,766 deaths during Iran’s protest crackdown, warning the toll may be higher. The revised figure exceeds any unrest in decades. Iranian authorities have not given a clear number, though Supreme Leader Ayatollah Ali Khamenei cited “several thousand” deaths, blaming the US. Activists also report more than 24,000 arrests amid rising US–Iran tensions. Iran president says any attack on supreme leader would be declaration of war Iran dismisses US claim of planned attacks on American bases, warns of 'firm' response Iran has dismissed US claims it is planning attacks on American facilities, accusing Washington of stoking tensions in West Asia, according to state media. Foreign Ministry spokesman Esmaeil Baghaei said Iran’s armed forces remain defensive but would respond decisively to any aggression. The US warned all options remain open. Press TV also blamed US and Israeli-backed actors for recent violent unrest in Iran, including deaths and damage during protests nationwide. Iran considers 'gradually' restoring internet after shutdown Iranian authorities say they are weighing a gradual restoration of internet access after enforcing a nationwide communications blackout more than a week ago, according to local media. Limited connectivity was briefly available in Tehran on Sunday, though most providers remain offline. International calls have been possible since Tuesday, with text messaging restored on Saturday. State-linked media reported that access would be eased in stages, while domestic messaging apps are expected to resume via Iran’s intranet, which has continued to support local services such as banking and transport apps. The blackout followed calls for anti-government protests sparked by economic hardship. While demonstrations appear to have eased, human rights groups estimate thousands were killed, figures the authorities strongly dispute, blaming unrest on foreign interference. Iranians in Tokyo march in support of protests in Iran and Reza Pahlavi Supreme leader Khamenei publicly acknowledges thousands killed in Iran Iran's Supreme Leader Ayatollah Ali Khamenei has publicly acknowledged for the first time that thousands of people were killed during recent nationwide protests, marking an unusual admission from the clerical leadership amid a fierce crackdown that has drawn international attention, news agency ANI reported citing Fox news. In a televised address on Saturday, Khamenei said the unrest, which began in late December over economic hardship and wider political grievances, resulted in ""several thousand"" deaths. He described some of the casualties as the result of ""inhuman, savage"" conditions but shifted blame toward the United States and other foreign actors rather than Iranian security forces. Iran's Supreme Leader Ayatollah Ali Khamenei has publicly acknowledged for the first time that thousands of people were killed during recent nationwide protests, marking an unusual admission from the clerical leadership amid a fierce crackdown that has drawn international attention, news agency ANI reported citing Fox news. In a televised address on Saturday, Khamenei said the unrest, which began in late December over economic hardship and wider political grievances, resulted in ""several thousand"" deaths. He described some of the casualties as the result of ""inhuman, savage"" conditions but shifted blame toward the United States and other foreign actors rather than Iranian security forces. Exclusive: Young Iranians talk about anti-regime protests In the grip of one of the most aggressive crackdowns in recent memory, young Iranians participating in the ongoing wave of anti-regime protests have told TOI that the situation has reached a point where the choice before them feels binary: either victory or death. Speaking through a conference call organised by an Iranian based in India, three protestors — including one who joined from inside Iran via Starlink — described a country sealed off by blackouts, gripped by fear, and pierced by the quiet urgency of resistance. Read full story In the grip of one of the most aggressive crackdowns in recent memory, young Iranians participating in the ongoing wave of anti-regime protests have told TOI that the situation has reached a point where the choice before them feels binary: either victory or death. Speaking through a conference call organised by an Iranian based in India, three protestors — including one who joined from inside Iran via Starlink — described a country sealed off by blackouts, gripped by fear, and pierced by the quiet urgency of resistance. Watch: Numan Mohammed, VP of the Indian Overseas Congress speaks on the ongoing unrest Congress MP Shashi Tharoor says that tensions are decreasing in Iran Congress MP Shashi Tharoor on Saturday said that tensions were decreasing in Iran as the authorities have cancelled over 800 executions and US President Donald Trump has decided to hold off any strikes for the moment, news agency PTI reported. Tharoor said that these were hopeful signs that there may be a dialing down of the tensions. He said that evacuations were happening, and the cancelling of executions and the US holding off strikes were ""good signs"". Congress MP Shashi Tharoor on Saturday said that tensions were decreasing in Iran as the authorities have cancelled over 800 executions and US President Donald Trump has decided to hold off any strikes for the moment, news agency PTI reported. Tharoor said that these were hopeful signs that there may be a dialing down of the tensions. He said that evacuations were happening, and the cancelling of executions and the US holding off strikes were ""good signs"". Iranian diplomat urges Washington and Tehran to engage in direct negotiations Iranian diplomat and nuclear negotiator Seyed Hossein Mousavian has warned that military action would destabilise the entire Middle East, urging both Washington and Tehran to pursue direct dialogue in order to resolve mounting tensions. Mousavian told news agency ANI that whilst Iran's domestic situation has stabilised following recent unrest, fundamental challenges remain that require urgent attention from the Iranian leadership. He, however, ruled out the possibility of US strikes in view of improving situations in Iran and added that Washington's plan to ""collapse Iran through organising unrest"" has resulted in disappointment. ""The likelihood of a US military attack has become much weaker, and the Iranian government's restraint regarding the execution of detained individuals gave the U.S. president the opportunity to rule out, at least at this stage, a second strike,"" he said. Iranian diplomat and nuclear negotiator Seyed Hossein Mousavian has warned that military action would destabilise the entire Middle East, urging both Washington and Tehran to pursue direct dialogue in order to resolve mounting tensions. Mousavian told news agency ANI that whilst Iran's domestic situation has stabilised following recent unrest, fundamental challenges remain that require urgent attention from the Iranian leadership. He, however, ruled out the possibility of US strikes in view of improving situations in Iran and added that Washington's plan to ""collapse Iran through organising unrest"" has resulted in disappointment. ""The likelihood of a US military attack has become much weaker, and the Iranian government's restraint regarding the execution of detained individuals gave the U.S. president the opportunity to rule out, at least at this stage, a second strike,"" he said. Iran's leader calls Trump a 'criminal' for backing protests and blames demonstrators for deaths I ran’s Supreme Leader Ayatollah Ali Khamenei on Saturday branded US President Donald Trump a “criminal” for supporting protesters in Iran, and blamed demonstrators for causing thousands of deaths. In a speech broadcast by state television, Khamenei said the protests had left “several thousand” people dead — the first indication from an Iranian leader of the extent of the casualties from the wave of protests that began Dec. 28 and led to a bloody crackdown. “In this revolt, the US president made remarks in person, encouraged seditious people to go ahead and said: ‘We do support you, we do support you militarily,'"" said Khamenei, who has final say on all state matters. He reiterated an accusation that the U.S. seeks domination over Iran’s economic and political resources. “We do consider the U.S. president a criminal, because of casualties and damages, because of accusations against the Iranian nation,” he said. He described the protesters as “foot soldiers” of the United States and said they had destroyed mosques and educational centers. “Through hurting people, they killed several thousand of them,” he said. In a speech broadcast by state television, Khamenei said the protests had left “several thousand” people dead — the first indication from an Iranian leader of the extent of the casualties from the wave of protests that began Dec. 28 and led to a bloody crackdown. “In this revolt, the US president made remarks in person, encouraged seditious people to go ahead and said: ‘We do support you, we do support you militarily,'"" said Khamenei, who has final say on all state matters. He reiterated an accusation that the U.S. seeks domination over Iran’s economic and political resources. “We do consider the U.S. president a criminal, because of casualties and damages, because of accusations against the Iranian nation,” he said. He described the protesters as “foot soldiers” of the United States and said they had destroyed mosques and educational centers. “Through hurting people, they killed several thousand of them,” he said. Iran schools to reopen Sunday after one-week closure: Media (Source: AFP) Iran Protests Live: Iranians cross into Turkey to bypass digital blackout With internet services largely severed since January 8, many Iranians are making short journeys across the border into Turkey's Van province to access the global web, according to news agency AP. Entering without visas, these ""digital travellers"" use the brief trips to conduct e-commerce business or file university applications before returning to their families and jobs in Iran. Some travellers reported funding their stays by selling goods like tea and cigarettes that are cheaper in Iran. While the border has not yet seen a massive influx of asylum seekers, those crossing described a reliance on neighbouring infrastructure to maintain livelihoods during the ongoing domestic communication freeze. Iran Protests Live: Exiled royal’s call for new demonstrations goes unheeded A call for renewed protests from Saturday to Monday by the exiled Crown Prince Reza Pahlavi did not appear to result in significant street activity by Saturday afternoon. Pahlavi, the son of the Shah overthrown in 1979, has presented himself as a transitional leader in the event of the government's collapse, gaining support among monarchist groups in the diaspora. However, his influence within Iran remains a subject of debate. The lack of immediate response to his latest call suggests that the heavy repression of recent weeks has successfully stifled the mass movement, even as Pahlavi continues to urge stronger international intervention. Iran Protests Live: Limited internet and text services briefly restored After more than 200 hours of a total nationwide blackout, limited internet and text messaging services began to flicker back to life in parts of Iran on Saturday. Witnesses reported that while cellphone SMS services resumed overnight, access to international websites remains restricted, requiring the use of VPNs. Monitoring groups like NetBlocks and Cloudflare noted very slight increases in connectivity, which may be a temporary measure to allow banks and businesses to process essential transactions at the start of the Iranian working week. Despite this marginal recovery, there is no sign of a significant return to normal internet access as the government maintains control. Iran Protests Live: Death toll reaches 3,095 as 'uneasy calm' returns to Tehran The death toll from Iran's nationwide protests has reached at least 3,095, according to the US-based Human Rights Activists News Agency (HRANA). This figure marks the deadliest internal unrest in decades, surpassing previous rounds of protest and drawing comparisons to the 1979 revolution. While an ""uneasy calm"" has returned to the streets of Tehran with shops reopening and no new demonstrations reported, the situation remains tense. In a diplomatic shift, President Masoud Pezeshkian briefed Russian President Vladimir Putin on efforts to normalise the country, while continuing to accuse the United States and Israel of meddling and fomenting the recent violence. Iran Protests Live: Indian nationals return from Tehran on commercial flights Several Indian nationals, including students and pilgrims, arrived at Delhi airport late Friday night on commercial flights from Iran. While the Indian government has not yet launched a formal evacuation operation, the ministry of external affairs (MEA) has issued multiple advisories urging the approximately 9,000 Indians in Iran to leave via available commercial means. Returning travellers described a challenging environment marked by a persistent internet blackout that hindered communication with families, though some students from Shiraz reported their specific areas remained ""fine."" The MEA continues to closely monitor the situation, emphasising its commitment to the safety of sailors, students, and pilgrims scattered across Iran's 31 provinces. ‘Subject to judicial process’: Embassy on Indian crew detained in Iran; seeks ‘consular access’ India has stepped up diplomatic engagement with Iran seeking consular access and early resolution for the case of 16 Indian crew members on board a merchant vessel detained by Iranian authorities in December last year, the Indian embassy in Tehran said.In a press release on Saturday, the embassy said it was informed around mid-December 2025 about the detention of MT Valiant Roar. The Consulate of India in Bandar Abbas wrote to the Iranian government on December 14 seeking consular access to the crew and has since followed up through diplomatic correspondence and in-person meetings in Bandar Abbas and Tehran, including at the level of the ambassador. 'Unrest an American plot’: Khamenei blames Trump for protester's deaths; issues big warning Iran’s Supreme Leader Ayatollah Ali Khamenei has accused US President Donald Trump of being responsible for deaths and damage during Iran’s recent wave of protests, branding him a “criminal” and claiming Washington orchestrated the unrest. Speaking on Saturday, Khamenei said the United States and Trump personally were behind the demonstrations that swept the country and were met with a violent crackdown. “We consider the US president a criminal for the casualties, damages, and the slander he inflicted on the Iranian nation,” he said, according to Iran International. Iran Protests Live: Khamenei vows to 'break the back' of seditionists During a religious holiday address on Saturday, Supreme Leader Ayatollah Ali Khamenei called for a decisive end to the unrest, stating that authorities ""must break the back of the seditionists."" ""By God's grace, the Iranian nation must break the back of the seditionists just as it broke the back of the sedition"", he said. While clarifying that he does not intend to lead Iran into a war, Khamenei warned that he would not spare ""domestic criminals"" or the ""international criminals"" he holds responsible for the protest wave. ""We do not intend to lead the country to war, but we will not spare domestic criminals. worse than domestic criminals, international criminals, we will not spare them either,"" he told supporters. Iran Protests Live: ‘We may have turned a corner’ - Shashi Tharoor sees tensions easing Congress MP Shashi Tharoor on Sunday said there were indications that tensions surrounding Iran may be easing, pointing to reports that executions of protesters have been cancelled and that the United States has toned down its military posture. Speaking to reporters, Tharoor said a “positive sign” was the reported decision by Iranian authorities to halt executions that had earlier been announced. “Two good signs we’ve heard are that the authorities have cancelled the executions of over 800 people that they had announced previously. That’s a very good sign,” he said Iran Protests Live: Supreme Leader Ali Khamenei labels Donald Trump a criminal over unrest Iran’s Supreme Leader Ali Khamenei issued a sharp condemnation on Saturday, labeling the US President a ""criminal"" for the casualties, damages, and ""slander"" allegedly inflicted upon the Iranian nation. “We consider the US president a criminal for the casualties, damages, and the slander he inflicted on the Iranian nation,” Iran's Supreme Leader Ali Khamenei said, as quoted by Iran International. Khamenei dismissed the recent widespread demonstrations as an ""American plot,"" asserting that the ultimate goal of the United States is to ""devour Iran."" “The recent unrest was an American plot, and the United States’ goal is to devour Iran”, he said. Iran Protests Live: Trump credits Tehran for canceling mass executions US President Donald Trump announced on Friday that the Iranian government cancelled the scheduled hangings of over 800 political prisoners, a move he stated he ""greatly respects."" These remarks follow days of US threats regarding potential military strikes if mass killings occurred. While Trump suggested the prospect of military action is fading, his assessment contrasts with reports of harsh repression that has left an estimated 2,797 people dead, according to the Human Rights Activists News Agency. Protests appearing to challenge the theocracy have quieted, with outward normality returning to Tehran as the President backs away from previous promises that ""help is on the way."" Iran Protests Live: NetBlocks reports marginal rise in internet connectivity Internet monitoring group NetBlocks confirmed on Saturday that connectivity in Iran has seen a ""very slight"" increase, surpassing the 200-hour mark of a total nationwide blackout. Despite this change, access remains restricted to approximately 2 per cent of ordinary levels, with NetBlocks noting there is still no indication of a ""significant return"" to service. The blackout was originally imposed on January 8 as authorities moved to suppress escalating demonstrations. While some users overseas reported receiving limited messages from within the country, the digital environment remains largely severed from the global internet as the regime maintains strict control over information flow. Over 3,000 killed in Iran protests; toll deadliest in decades The death toll from nationwide protests in Iran has climbed to more than 3,000, marking the country’s deadliest unrest in decades, rights activists said on Saturday.The US-based Human Rights Activists News Agency (HRANA) said it had verified 3,090 deaths, including 2,885 protesters, Reuters reported. Residents said a sweeping crackdown appeared to have largely quelled demonstrations for now, while state media reported more arrests. Meanwhile, internet monitoring groups reported a “very slight rise” in connectivity after an eight-day blackout across the country. Read full story The death toll from nationwide protests in Iran has climbed to more than 3,000, marking the country’s deadliest unrest in decades, rights activists said on Saturday.The US-based Human Rights Activists News Agency (HRANA) said it had verified 3,090 deaths, including 2,885 protesters, Reuters reported. Residents said a sweeping crackdown appeared to have largely quelled demonstrations for now, while state media reported more arrests. Meanwhile, internet monitoring groups reported a “very slight rise” in connectivity after an eight-day blackout across the country. Iran Protests Live: Iran's exiled crown prince Reza Pahlavi hails ties with India Reza Pahlavi, Iran’s exiled crown prince, on Friday spoke about India–Iran ties and future cooperation, while speaking about the ongoing protests against Iran’s clerical leadership. Speaking at a news conference, Pahlavi said India and Iran shared a relationship that went back decades. Recalling earlier ties, he said former Prime Minister Indira Gandhi had visited Iran when he was very young. Read full story Reza Pahlavi, Iran’s exiled crown prince, on Friday spoke about India–Iran ties and future cooperation, while speaking about the ongoing protests against Iran’s clerical leadership. Speaking at a news conference, Pahlavi said India and Iran shared a relationship that went back decades. Recalling earlier ties, he said former Prime Minister Indira Gandhi had visited Iran when he was very young. Iran Protests Live: Internet connectivity in Iran rises slightly after 200-hour shutdown Internet connectivity in Iran edged up only marginally on Saturday, more than 200 hours into a nationwide internet shutdown imposed during protests against authorities, according to monitoring group NetBlocks. “Metrics show a very slight rise in internet connectivity in Iran this morning after the 200-hour mark,” NetBlocks said on X. However, it noted that connectivity remained at around just 2 per cent of normal levels, with no indication of “a significant return” to regular service. ​ Internet connectivity in Iran edged up only marginally on Saturday, more than 200 hours into a nationwide internet shutdown imposed during protests against authorities, according to monitoring group NetBlocks. “Metrics show a very slight rise in internet connectivity in Iran this morning after the 200-hour mark,” NetBlocks said on X. However, it noted that connectivity remained at around just 2 per cent of normal levels, with no indication of “a significant return” to regular service. Iran Protests Live: London police arrest protesters after flag removed from Iran embassy roof A protester who climbed onto the roof of Iran’s embassy in London and removed a flag was arrested along with several others, police said late on Friday, adding that a number of officers were injured during the demonstrations. ""During the ongoing protest at the Iranian Embassy this evening, a protester illegally accessed private property and climbed across multiple balconies onto the roof of the Embassy and removed a flag,"" the Metropolitan police said through a post on X. Police said a protester who scaled the roof of Iran’s embassy in London and took down a flag was arrested, along with several others, after demonstrations that left multiple officers injured, as cited by AFP. Iran Protests Live: Reza Pahlavi says Iran protests will lead to fall of Islamic Republic Reza Pahlavi, the son of Iran’s late shah, said Friday he is confident that ongoing mass protests will eventually topple the Islamic Republic. Speaking at a news conference in Washington, the exiled opposition figure declared that the fall of the cleric-led state is inevitable, saying it is “not if, but when.” Pahlavi has urged stronger international action as Iranian authorities continue to repress demonstrations sparked by economic grievances. ​ Reza Pahlavi, the son of Iran’s late shah, said Friday he is confident that ongoing mass protests will eventually topple the Islamic Republic. Speaking at a news conference in Washington, the exiled opposition figure declared that the fall of the cleric-led state is inevitable, saying it is “not if, but when.” Pahlavi has urged stronger international action as Iranian authorities continue to repress demonstrations sparked by economic grievances. Iran Protests Live: Trump thanks Iran for halting planned executions during protest unrest US President Donald Trump thanked Iran's leadership on Friday for canceling what he said were plans to execute hundreds of political prisoners. “Iran canceled the hanging of over 800 people,” Trump told reporters as he departed the White House for Florida, adding that he “greatly respected” the decision. The remarks marked a shift from Trump’s earlier warnings that the U.S. could intervene militarily if Iran carried out mass killings of protesters. ​ US President Donald Trump thanked Iran's leadership on Friday for canceling what he said were plans to execute hundreds of political prisoners. “Iran canceled the hanging of over 800 people,” Trump told reporters as he departed the White House for Florida, adding that he “greatly respected” the decision. The remarks marked a shift from Trump’s earlier warnings that the U.S. could intervene militarily if Iran carried out mass killings of protesters. Iran Protests Live: Iran protest crackdown death toll tops 3,000 At least 3,090 people have been killed in Iran’s crackdown on nationwide protests, according to activists cited by the Associated Press. While signs of normalcy are returning in some areas after weeks of unrest that began in late December, the sharply rising death toll underscores the severity of the government's response to demonstrations driven by economic hardship and political anger. ​​ At least 3,090 people have been killed in Iran’s crackdown on nationwide protests, according to activists cited by the Associated Press. While signs of normalcy are returning in some areas after weeks of unrest that began in late December, the sharply rising death toll underscores the severity of the government's response to demonstrations driven by economic hardship and political anger.",news,Iran Protests Live: Supreme Leader Ali Khamenei Khamenei vows to 'break the back' of seditionists,https://timesofindia.indiatimes.com/world/middle-east/iran-protests-2026-news-live-updates-iran-us-tensions-donald-trump-ayatollah-ali-khamenei-death-toll-us-tehran-latest-news-headline-iran-protests-live/liveblog/126601909.cms,2026-03-23T18:25:18Z
"More than 3,000 people have died in Iran’s nationwide protests , rights activists said on Saturday (January 17, 2026), while a “very slight rise” in ‍internet activity was reported in the country after an eight-day blackout. The U.S.-based HRANA ​group said it had verified 3,090 deaths, including 2,885 protesters, ‌after residents said the crackdown appeared to have broadly ​quelled protests for now and state media reported more arrests. The capital Tehran has been comparatively quiet for four days, said several residents reached by Reuters . Drones were flying over the city, but there were no signs of major protests on Thursday (January 15, 2026) or Friday (January 16, 2026), said the residents, who asked not to be identified for their safety. A resident of a ​northern city on the Caspian Sea said the streets there also ⁠appeared calm. The protests erupted on December 28 over economic hardship and swelled into widespread demonstrations calling for the end of clerical rule in the Islamic Republic, culminating in mass ​violence late last week. According ⁠to opposition groups and an Iranian official, more than 2,000 people were killed in the worst domestic unrest since Iran’s 1979 Islamic Revolution. “Metrics show a very slight rise in internet connectivity in #Iran this ‌morning” after 200 hours of shutdown, the internet monitoring group NetBlocks ‌posted on X. Connectivity remained around 2% of ordinary levels, it said. A few Iranians overseas said on social ‍media that they had been able to message users living inside Iran early on Saturday (January 17, 2026). U.S. President Donald Trump, who had threatened “very strong action” if Iran ‍executed protesters, said Tehran’s leaders had called off mass hangings. “I greatly respect the fact that all scheduled hangings, which were to take place yesterday (Over 800 of them), have been cancelled by the leadership of Iran. Thank you!” he posted on social media. Iran had not announced plans for such executions or said it had cancelled them. Indian students and pilgrims returning from Iran said they were largely confined to their accommodations while in the country, ⁠unable to communicate with their families back home. “We only heard stories of violent protests, and one man jumped in ​front of our car holding a burning baton, shouting something in the local ⁠language, with anger visible in his eyes,” said Z. Syeda, a third-year medical student at a university in Tehran.",news,"Death toll in Iran protests over 3,000, rights group says",https://www.thehindu.com/news/international/death-toll-in-iran-protests-january-17-2026/article70517719.ece,2026-03-23T18:25:18Z
"1: I wasn't brave enough to participate in the protests as most people, so I can't give you enough details. 2: My pov isn't the pov of all Iranians, if you are interested in different views, ask me to explain other opinions too. 3: If you want to know how I have Internet, IR has strongly limited our connection, but some of us have connected using powerful VPNs. My connection is still weak, so bear with me.",reddit,"I'm an Iranian that witnessed the protests, AMA.",https://www.reddit.com/r/AskMeAnythingIAnswer/comments/1qnf3a8/im_an_iranian_that_witnessed_the_protests_ama/,2026-03-23T18:25:18Z
Doctor Says More Than 200 Reported Dead in Tehran as Regime Opens Fire on Protests,reddit,Doctor Says More Than 200 Reported Dead in Tehran as Regime Opens Fire on Protests,https://www.reddit.com/r/worldnews/comments/1q8qriu/doctor_says_more_than_200_reported_dead_in_tehran/,2026-03-23T18:25:18Z
"U.S. President Donald Trump is treading carefully ‍around the issue of mass protests in Iran amid some U.S. predictions that the unrest may not be widespread enough to challenge Tehran’s clerical establishment. In recent days, Mr. Trump has warned Iranian leaders that there will ‌be “hell to pay” if they crack down on the protest movement but has otherwise adopted a wait-and-see attitude. “I have let them know that if they start killing people, which they tend to do during their riots … we’re going to hit them very hard,” Mr. Trump told conservative radio host Hugh Hewitt on Thursday (January 8). Human rights groups have alleged that security forces have killed and injured numerous protesters. But in an interview with Fox News host Sean Hannity on Thursday (January 8), Mr. Trump only referred to demonstrators being “stomped on” in huge crowds and security forces “shooting the hell out of people” in the past. The U.S. President said he was not inclined now to meet Reza Pahlavi, the exiled crown prince and son of the late Shah of Iran, a sign that he was waiting to see how the crisis plays out before backing an Opposition leader. - Reuters",news,"Iran protests updates: Protesters will be considered an 'enemy of God,' a death-penalty charge, warns Attorney General",https://www.thehindu.com/news/international/iran-protests-escalation-tehran-death-toll-live-updates-january-9-2026/article70488223.ece,2026-03-23T18:25:18Z
ICE/CBP BORTAC Unit just brutally abducted 2 US Citizens/peaceful protesters at a memorial protest for Renee Good near Minneapolis,reddit,ICE/CBP BORTAC Unit just brutally abducted 2 US Citizens/peaceful protesters at a memorial protest for Renee Good near Minneapolis,https://www.reddit.com/r/minnesota/comments/1q8j0bw/icecbp_bortac_unit_just_brutally_abducted_2_us/,2026-03-23T18:25:18Z
I've been seeing this number be repeated by Iran war supporters. Is there any factual basis behind them? Where does this figure come from and does the organization(s) stating such have western ties/backing?,reddit,"""30,000 killed in Iran protests""?",https://www.reddit.com/r/Socialism_101/comments/1rluxtd/30000_killed_in_iran_protests/,2026-03-23T18:25:18Z
"UGC Protest Live Updates: Row over new UGC rules; Bharat bandh on February 1? What we know UGC Protest Live Updates: ‘UGC rules anti-Brahmin’, Former Bareilly city magistrate Alankar Agnihotri hints at political plunge UGC Protest Live Updates: UGC anti-discrimination rules 2026; A bid for inclusion or risk of bias? Explained",news,UGC Protest Live Updates: Highlights,https://timesofindia.indiatimes.com/city/lucknow/ugc-bill-2026-protest-live-updates-new-rules-guidelines-sc-st-obc-nsui-university-grants-commission-act-1956/liveblog/127757730.cms,2026-03-23T18:25:18Z
"FBI: ""Nobody who wants to be peaceful shows up at a protest with a firearm that is loaded with two full magazines. That is not a peaceful protest.""",reddit,"FBI: ""Nobody who wants to be peaceful shows up at a protest with a firearm that is loaded with two full magazines. That is not a peaceful protest.""",https://www.reddit.com/r/law/comments/1qmrr5k/fbi_nobody_who_wants_to_be_peaceful_shows_up_at_a/,2026-03-23T18:25:18Z
GOP senator joined police in attempt to forcibly remove marine veteran protester during hearing,reddit,GOP senator joined police in attempt to forcibly remove marine veteran protester during hearing,https://www.reddit.com/r/pics/comments/1rlicql/gop_senator_joined_police_in_attempt_to_forcibly/,2026-03-23T18:25:18Z
"The Central Bureau of Investigation (CBI) is conducting a preliminary enquiry (PE) into alleged violation of the Foreign Contribution (Regulation) Act, 2010 (FCRA) against climate activist Sonam Wangchuk and an institution formed by him, officials said on September 25.",news,"What sparked ‘Gen Z’ protest, violence in Leh, Ladakh? Explained in 10 points as Govt, Sonam Wangchuk trade barbs",https://www.livemint.com/news/india/what-triggered-gen-z-protests-in-leh-ladakh-explained-in-10-points-as-govt-sonam-wangchuk-trade-barbs-11758763023458.html,2026-03-23T18:25:18Z
Student Anti-Ice protest in Quakertown ends in Police chief chokehold of a Student,reddit,Student Anti-Ice protest in Quakertown ends in Police chief chokehold of a Student,https://www.reddit.com/r/LetsDiscussThis/comments/1rb4nsk/student_antiice_protest_in_quakertown_ends_in/,2026-03-23T18:25:18Z
Pro-Palestine protester is forcibly removed from Eurovision arena and beaten during protest,reddit,Pro-Palestine protester is forcibly removed from Eurovision arena and beaten during protest,https://www.reddit.com/r/Fauxmoi/comments/1kp6ki8/propalestine_protester_is_forcibly_removed_from/,2026-03-23T18:25:18Z
"Nepal protests highlights: The updates to this live blog have ended. Follow the fresh updates here . Nepal Army Chief Ashok Raj Sigdel held a meeting with the representatives of the Gen Z protestors and held “consultations with related stakeholders,” army spokesperson Rajaram Basnet said. .Read More 30 people have lost their lives, and over 1000 have sustained injuries since protests broke out in the country, Nepal's health ministry said Wednesday, according to The Kathmandu Post. The ministry added that emergency services were being mobilised to handle the influx of patients, and urged hospitals to remain on high alert. The Army took charge of the security operations in Nepal on Tuesday. Curfew orders remained in force for the day and will continue on Thursday as well, a move the Army said it took due to the prevailing situation. Meanwhile, the Tribhuvan International Airport in Kathmandu resumed flight operations from 6 pm on Wednesday, the Nepal Civil Aviation Authority said in a statement. The airport had been shut and flights suspended after violent protests on Tuesday. “Passengers traveling to the airport for flights are requested to contact their respective airline companies for flight information and to bring official airline tickets and identification documents with them when traveling,” the aviation authority's statement said. The Army intensified its crackdown on lootings and jail breaks, The Kathmandu Post reported. Four persons involved in lootings were detained in Maharajgunj, while suspicious individuals left some cash and a looted weapon, fleeing after being seen by security forces. Visuals from Kathmandu showed Army personnel patrolling the capital as locals seemed to move about their day. However, the aftermath of Tuesday's violence left a mark on the city, with plumes of smoke still billowing from a Nepali media channel's headquarters. The Parliament, Supreme Court and other buildings of the regime were severely damaged in the Gen Z protesters' agitation. Earlier, Nepal Army chief Ashok Raj Sigdel called for a dialogue with the protesters. He said in a statement, “We appeal to the protesting group to halt protest programmes and come forward for dialogue for a peaceful way out for the nation. We need to normalise the present difficult situation and protect our historical and national heritage and public as well as private property, and to ensure safety to the general public and diplomatic missions.” The intensified protests saw demonstrators torching the residences of the former PM, former home minister, and several other top leaders of the country. What is happening in Nepal and why? The protests in Nepal were triggered by the government's decision to ban 26 social media sites, including WhatsApp, Instagram and YouTube, a move that was later revoked. The protests mounted the pressure on the government and eventually forced KP Sharma Oli to resign from the PM's office. Earlier, Oli had alleged that ""infiltration by various vested interest groups"" was the cause of Monday's violence. He had also said the government would set up a panel to probe the protests and offer financial relief to victims and free treatment to those injured. Nepal protests | Other key updates The Nepal Army on Wednesday appealed to the public for their cooperation in maintaining peace and security in the country, and expressed condolences over the lives lost in the protests. It said that curfew orders will remain in place until further instructions. Prime Minister Narendra Modi termed the violence in Nepal ""heart-wrenching and called for peace, emphasising the importance of Nepal's peace, stability and prosperity for India. PM Modi also chaired a meeting of the Cabinet Committee on Security to discuss the ongoing developments in Nepal. Russia expressed concern over the developments in Nepal, urging a peaceful resolution of the crisis. It also advised its citizens to refrain from travelling to the Himalayan country, adding that it was closely monitoring the situation. Israel's foreign ministry also issued an advisory for its citizens, warning them against travelling to Nepal after widespread protests and violence in the country. Israeli citizens in the country have been asked to remain indoors and avoid crowds. The Army took charge of the security operations in Nepal on Tuesday. Curfew orders remained in force for the day and will continue on Thursday as well, a move the Army said it took due to the prevailing situation. Meanwhile, the Tribhuvan International Airport in Kathmandu resumed flight operations from 6 pm on Wednesday, the Nepal Civil Aviation Authority said in a statement. The airport had been shut and flights suspended after violent protests on Tuesday. “Passengers traveling to the airport for flights are requested to contact their respective airline companies for flight information and to bring official airline tickets and identification documents with them when traveling,” the aviation authority's statement said. The Army intensified its crackdown on lootings and jail breaks, The Kathmandu Post reported. Four persons involved in lootings were detained in Maharajgunj, while suspicious individuals left some cash and a looted weapon, fleeing after being seen by security forces. Visuals from Kathmandu showed Army personnel patrolling the capital as locals seemed to move about their day. However, the aftermath of Tuesday's violence left a mark on the city, with plumes of smoke still billowing from a Nepali media channel's headquarters. The Parliament, Supreme Court and other buildings of the regime were severely damaged in the Gen Z protesters' agitation. Earlier, Nepal Army chief Ashok Raj Sigdel called for a dialogue with the protesters. He said in a statement, “We appeal to the protesting group to halt protest programmes and come forward for dialogue for a peaceful way out for the nation. We need to normalise the present difficult situation and protect our historical and national heritage and public as well as private property, and to ensure safety to the general public and diplomatic missions.” The intensified protests saw demonstrators torching the residences of the former PM, former home minister, and several other top leaders of the country. What is happening in Nepal and why? The protests in Nepal were triggered by the government's decision to ban 26 social media sites, including WhatsApp, Instagram and YouTube, a move that was later revoked. The protests mounted the pressure on the government and eventually forced KP Sharma Oli to resign from the PM's office. Earlier, Oli had alleged that ""infiltration by various vested interest groups"" was the cause of Monday's violence. He had also said the government would set up a panel to probe the protests and offer financial relief to victims and free treatment to those injured. Nepal protests | Other key updates The Nepal Army on Wednesday appealed to the public for their cooperation in maintaining peace and security in the country, and expressed condolences over the lives lost in the protests. It said that curfew orders will remain in place until further instructions. Prime Minister Narendra Modi termed the violence in Nepal ""heart-wrenching and called for peace, emphasising the importance of Nepal's peace, stability and prosperity for India. PM Modi also chaired a meeting of the Cabinet Committee on Security to discuss the ongoing developments in Nepal. Russia expressed concern over the developments in Nepal, urging a peaceful resolution of the crisis. It also advised its citizens to refrain from travelling to the Himalayan country, adding that it was closely monitoring the situation. Israel's foreign ministry also issued an advisory for its citizens, warning them against travelling to Nepal after widespread protests and violence in the country. Israeli citizens in the country have been asked to remain indoors and avoid crowds. Meanwhile, the Tribhuvan International Airport in Kathmandu resumed flight operations from 6 pm on Wednesday, the Nepal Civil Aviation Authority said in a statement. The airport had been shut and flights suspended after violent protests on Tuesday. “Passengers traveling to the airport for flights are requested to contact their respective airline companies for flight information and to bring official airline tickets and identification documents with them when traveling,” the aviation authority's statement said. The Army intensified its crackdown on lootings and jail breaks, The Kathmandu Post reported. Four persons involved in lootings were detained in Maharajgunj, while suspicious individuals left some cash and a looted weapon, fleeing after being seen by security forces. Visuals from Kathmandu showed Army personnel patrolling the capital as locals seemed to move about their day. However, the aftermath of Tuesday's violence left a mark on the city, with plumes of smoke still billowing from a Nepali media channel's headquarters. The Parliament, Supreme Court and other buildings of the regime were severely damaged in the Gen Z protesters' agitation. Earlier, Nepal Army chief Ashok Raj Sigdel called for a dialogue with the protesters. He said in a statement, “We appeal to the protesting group to halt protest programmes and come forward for dialogue for a peaceful way out for the nation. We need to normalise the present difficult situation and protect our historical and national heritage and public as well as private property, and to ensure safety to the general public and diplomatic missions.” The intensified protests saw demonstrators torching the residences of the former PM, former home minister, and several other top leaders of the country. What is happening in Nepal and why? The protests in Nepal were triggered by the government's decision to ban 26 social media sites, including WhatsApp, Instagram and YouTube, a move that was later revoked. The protests mounted the pressure on the government and eventually forced KP Sharma Oli to resign from the PM's office. Earlier, Oli had alleged that ""infiltration by various vested interest groups"" was the cause of Monday's violence. He had also said the government would set up a panel to probe the protests and offer financial relief to victims and free treatment to those injured. Nepal protests | Other key updates The Nepal Army on Wednesday appealed to the public for their cooperation in maintaining peace and security in the country, and expressed condolences over the lives lost in the protests. It said that curfew orders will remain in place until further instructions. Prime Minister Narendra Modi termed the violence in Nepal ""heart-wrenching and called for peace, emphasising the importance of Nepal's peace, stability and prosperity for India. PM Modi also chaired a meeting of the Cabinet Committee on Security to discuss the ongoing developments in Nepal. Russia expressed concern over the developments in Nepal, urging a peaceful resolution of the crisis. It also advised its citizens to refrain from travelling to the Himalayan country, adding that it was closely monitoring the situation. Israel's foreign ministry also issued an advisory for its citizens, warning them against travelling to Nepal after widespread protests and violence in the country. Israeli citizens in the country have been asked to remain indoors and avoid crowds. “Passengers traveling to the airport for flights are requested to contact their respective airline companies for flight information and to bring official airline tickets and identification documents with them when traveling,” the aviation authority's statement said. The Army intensified its crackdown on lootings and jail breaks, The Kathmandu Post reported. Four persons involved in lootings were detained in Maharajgunj, while suspicious individuals left some cash and a looted weapon, fleeing after being seen by security forces. Visuals from Kathmandu showed Army personnel patrolling the capital as locals seemed to move about their day. However, the aftermath of Tuesday's violence left a mark on the city, with plumes of smoke still billowing from a Nepali media channel's headquarters. The Parliament, Supreme Court and other buildings of the regime were severely damaged in the Gen Z protesters' agitation. Earlier, Nepal Army chief Ashok Raj Sigdel called for a dialogue with the protesters. He said in a statement, “We appeal to the protesting group to halt protest programmes and come forward for dialogue for a peaceful way out for the nation. We need to normalise the present difficult situation and protect our historical and national heritage and public as well as private property, and to ensure safety to the general public and diplomatic missions.” The intensified protests saw demonstrators torching the residences of the former PM, former home minister, and several other top leaders of the country. What is happening in Nepal and why? The protests in Nepal were triggered by the government's decision to ban 26 social media sites, including WhatsApp, Instagram and YouTube, a move that was later revoked. The protests mounted the pressure on the government and eventually forced KP Sharma Oli to resign from the PM's office. Earlier, Oli had alleged that ""infiltration by various vested interest groups"" was the cause of Monday's violence. He had also said the government would set up a panel to probe the protests and offer financial relief to victims and free treatment to those injured. Nepal protests | Other key updates The Nepal Army on Wednesday appealed to the public for their cooperation in maintaining peace and security in the country, and expressed condolences over the lives lost in the protests. It said that curfew orders will remain in place until further instructions. Prime Minister Narendra Modi termed the violence in Nepal ""heart-wrenching and called for peace, emphasising the importance of Nepal's peace, stability and prosperity for India. PM Modi also chaired a meeting of the Cabinet Committee on Security to discuss the ongoing developments in Nepal. Russia expressed concern over the developments in Nepal, urging a peaceful resolution of the crisis. It also advised its citizens to refrain from travelling to the Himalayan country, adding that it was closely monitoring the situation. Israel's foreign ministry also issued an advisory for its citizens, warning them against travelling to Nepal after widespread protests and violence in the country. Israeli citizens in the country have been asked to remain indoors and avoid crowds. The Army intensified its crackdown on lootings and jail breaks, The Kathmandu Post reported. Four persons involved in lootings were detained in Maharajgunj, while suspicious individuals left some cash and a looted weapon, fleeing after being seen by security forces. Visuals from Kathmandu showed Army personnel patrolling the capital as locals seemed to move about their day. However, the aftermath of Tuesday's violence left a mark on the city, with plumes of smoke still billowing from a Nepali media channel's headquarters. The Parliament, Supreme Court and other buildings of the regime were severely damaged in the Gen Z protesters' agitation. Earlier, Nepal Army chief Ashok Raj Sigdel called for a dialogue with the protesters. He said in a statement, “We appeal to the protesting group to halt protest programmes and come forward for dialogue for a peaceful way out for the nation. We need to normalise the present difficult situation and protect our historical and national heritage and public as well as private property, and to ensure safety to the general public and diplomatic missions.” The intensified protests saw demonstrators torching the residences of the former PM, former home minister, and several other top leaders of the country. What is happening in Nepal and why? The protests in Nepal were triggered by the government's decision to ban 26 social media sites, including WhatsApp, Instagram and YouTube, a move that was later revoked. The protests mounted the pressure on the government and eventually forced KP Sharma Oli to resign from the PM's office. Earlier, Oli had alleged that ""infiltration by various vested interest groups"" was the cause of Monday's violence. He had also said the government would set up a panel to probe the protests and offer financial relief to victims and free treatment to those injured. Nepal protests | Other key updates The Nepal Army on Wednesday appealed to the public for their cooperation in maintaining peace and security in the country, and expressed condolences over the lives lost in the protests. It said that curfew orders will remain in place until further instructions. Prime Minister Narendra Modi termed the violence in Nepal ""heart-wrenching and called for peace, emphasising the importance of Nepal's peace, stability and prosperity for India. PM Modi also chaired a meeting of the Cabinet Committee on Security to discuss the ongoing developments in Nepal. Russia expressed concern over the developments in Nepal, urging a peaceful resolution of the crisis. It also advised its citizens to refrain from travelling to the Himalayan country, adding that it was closely monitoring the situation. Israel's foreign ministry also issued an advisory for its citizens, warning them against travelling to Nepal after widespread protests and violence in the country. Israeli citizens in the country have been asked to remain indoors and avoid crowds. Visuals from Kathmandu showed Army personnel patrolling the capital as locals seemed to move about their day. However, the aftermath of Tuesday's violence left a mark on the city, with plumes of smoke still billowing from a Nepali media channel's headquarters. The Parliament, Supreme Court and other buildings of the regime were severely damaged in the Gen Z protesters' agitation. Earlier, Nepal Army chief Ashok Raj Sigdel called for a dialogue with the protesters. He said in a statement, “We appeal to the protesting group to halt protest programmes and come forward for dialogue for a peaceful way out for the nation. We need to normalise the present difficult situation and protect our historical and national heritage and public as well as private property, and to ensure safety to the general public and diplomatic missions.” The intensified protests saw demonstrators torching the residences of the former PM, former home minister, and several other top leaders of the country. What is happening in Nepal and why? The protests in Nepal were triggered by the government's decision to ban 26 social media sites, including WhatsApp, Instagram and YouTube, a move that was later revoked. The protests mounted the pressure on the government and eventually forced KP Sharma Oli to resign from the PM's office. Earlier, Oli had alleged that ""infiltration by various vested interest groups"" was the cause of Monday's violence. He had also said the government would set up a panel to probe the protests and offer financial relief to victims and free treatment to those injured. Nepal protests | Other key updates The Nepal Army on Wednesday appealed to the public for their cooperation in maintaining peace and security in the country, and expressed condolences over the lives lost in the protests. It said that curfew orders will remain in place until further instructions. Prime Minister Narendra Modi termed the violence in Nepal ""heart-wrenching and called for peace, emphasising the importance of Nepal's peace, stability and prosperity for India. PM Modi also chaired a meeting of the Cabinet Committee on Security to discuss the ongoing developments in Nepal. Russia expressed concern over the developments in Nepal, urging a peaceful resolution of the crisis. It also advised its citizens to refrain from travelling to the Himalayan country, adding that it was closely monitoring the situation. Israel's foreign ministry also issued an advisory for its citizens, warning them against travelling to Nepal after widespread protests and violence in the country. Israeli citizens in the country have been asked to remain indoors and avoid crowds. Earlier, Nepal Army chief Ashok Raj Sigdel called for a dialogue with the protesters. He said in a statement, “We appeal to the protesting group to halt protest programmes and come forward for dialogue for a peaceful way out for the nation. We need to normalise the present difficult situation and protect our historical and national heritage and public as well as private property, and to ensure safety to the general public and diplomatic missions.” The intensified protests saw demonstrators torching the residences of the former PM, former home minister, and several other top leaders of the country. What is happening in Nepal and why? The protests in Nepal were triggered by the government's decision to ban 26 social media sites, including WhatsApp, Instagram and YouTube, a move that was later revoked. The protests mounted the pressure on the government and eventually forced KP Sharma Oli to resign from the PM's office. Earlier, Oli had alleged that ""infiltration by various vested interest groups"" was the cause of Monday's violence. He had also said the government would set up a panel to probe the protests and offer financial relief to victims and free treatment to those injured. Nepal protests | Other key updates The Nepal Army on Wednesday appealed to the public for their cooperation in maintaining peace and security in the country, and expressed condolences over the lives lost in the protests. It said that curfew orders will remain in place until further instructions. Prime Minister Narendra Modi termed the violence in Nepal ""heart-wrenching and called for peace, emphasising the importance of Nepal's peace, stability and prosperity for India. PM Modi also chaired a meeting of the Cabinet Committee on Security to discuss the ongoing developments in Nepal. Russia expressed concern over the developments in Nepal, urging a peaceful resolution of the crisis. It also advised its citizens to refrain from travelling to the Himalayan country, adding that it was closely monitoring the situation. Israel's foreign ministry also issued an advisory for its citizens, warning them against travelling to Nepal after widespread protests and violence in the country. Israeli citizens in the country have been asked to remain indoors and avoid crowds. The intensified protests saw demonstrators torching the residences of the former PM, former home minister, and several other top leaders of the country. What is happening in Nepal and why? The protests in Nepal were triggered by the government's decision to ban 26 social media sites, including WhatsApp, Instagram and YouTube, a move that was later revoked. The protests mounted the pressure on the government and eventually forced KP Sharma Oli to resign from the PM's office. Earlier, Oli had alleged that ""infiltration by various vested interest groups"" was the cause of Monday's violence. He had also said the government would set up a panel to probe the protests and offer financial relief to victims and free treatment to those injured. Nepal protests | Other key updates The Nepal Army on Wednesday appealed to the public for their cooperation in maintaining peace and security in the country, and expressed condolences over the lives lost in the protests. It said that curfew orders will remain in place until further instructions. Prime Minister Narendra Modi termed the violence in Nepal ""heart-wrenching and called for peace, emphasising the importance of Nepal's peace, stability and prosperity for India. PM Modi also chaired a meeting of the Cabinet Committee on Security to discuss the ongoing developments in Nepal. Russia expressed concern over the developments in Nepal, urging a peaceful resolution of the crisis. It also advised its citizens to refrain from travelling to the Himalayan country, adding that it was closely monitoring the situation. Israel's foreign ministry also issued an advisory for its citizens, warning them against travelling to Nepal after widespread protests and violence in the country. Israeli citizens in the country have been asked to remain indoors and avoid crowds. The protests in Nepal were triggered by the government's decision to ban 26 social media sites, including WhatsApp, Instagram and YouTube, a move that was later revoked. The protests mounted the pressure on the government and eventually forced KP Sharma Oli to resign from the PM's office. Earlier, Oli had alleged that ""infiltration by various vested interest groups"" was the cause of Monday's violence. He had also said the government would set up a panel to probe the protests and offer financial relief to victims and free treatment to those injured. Nepal protests | Other key updates The Nepal Army on Wednesday appealed to the public for their cooperation in maintaining peace and security in the country, and expressed condolences over the lives lost in the protests. It said that curfew orders will remain in place until further instructions. Prime Minister Narendra Modi termed the violence in Nepal ""heart-wrenching and called for peace, emphasising the importance of Nepal's peace, stability and prosperity for India. PM Modi also chaired a meeting of the Cabinet Committee on Security to discuss the ongoing developments in Nepal. Russia expressed concern over the developments in Nepal, urging a peaceful resolution of the crisis. It also advised its citizens to refrain from travelling to the Himalayan country, adding that it was closely monitoring the situation. Israel's foreign ministry also issued an advisory for its citizens, warning them against travelling to Nepal after widespread protests and violence in the country. Israeli citizens in the country have been asked to remain indoors and avoid crowds. The protests mounted the pressure on the government and eventually forced KP Sharma Oli to resign from the PM's office. Earlier, Oli had alleged that ""infiltration by various vested interest groups"" was the cause of Monday's violence. He had also said the government would set up a panel to probe the protests and offer financial relief to victims and free treatment to those injured. Nepal protests | Other key updates The Nepal Army on Wednesday appealed to the public for their cooperation in maintaining peace and security in the country, and expressed condolences over the lives lost in the protests. It said that curfew orders will remain in place until further instructions. Prime Minister Narendra Modi termed the violence in Nepal ""heart-wrenching and called for peace, emphasising the importance of Nepal's peace, stability and prosperity for India. PM Modi also chaired a meeting of the Cabinet Committee on Security to discuss the ongoing developments in Nepal. Russia expressed concern over the developments in Nepal, urging a peaceful resolution of the crisis. It also advised its citizens to refrain from travelling to the Himalayan country, adding that it was closely monitoring the situation. Israel's foreign ministry also issued an advisory for its citizens, warning them against travelling to Nepal after widespread protests and violence in the country. Israeli citizens in the country have been asked to remain indoors and avoid crowds. Earlier, Oli had alleged that ""infiltration by various vested interest groups"" was the cause of Monday's violence. He had also said the government would set up a panel to probe the protests and offer financial relief to victims and free treatment to those injured. Nepal protests | Other key updates The Nepal Army on Wednesday appealed to the public for their cooperation in maintaining peace and security in the country, and expressed condolences over the lives lost in the protests. It said that curfew orders will remain in place until further instructions. Prime Minister Narendra Modi termed the violence in Nepal ""heart-wrenching and called for peace, emphasising the importance of Nepal's peace, stability and prosperity for India. PM Modi also chaired a meeting of the Cabinet Committee on Security to discuss the ongoing developments in Nepal. Russia expressed concern over the developments in Nepal, urging a peaceful resolution of the crisis. It also advised its citizens to refrain from travelling to the Himalayan country, adding that it was closely monitoring the situation. Israel's foreign ministry also issued an advisory for its citizens, warning them against travelling to Nepal after widespread protests and violence in the country. Israeli citizens in the country have been asked to remain indoors and avoid crowds. Kathmandu mayor Balen Shah has supported the candidacy of former chief justice Sushila Karki for becoming the leader of the interim government in Nepal. “To lead this interim/election government, I fully support the candidacy of former chief justice Sushila Karki,” Shah said in a post on X. Balen further urged the people of the country to not rush, saying that elections would be held for those who want to take leadership. “The country is moving toward an interim government, which will lead the nation to fresh elections. The task of this interim government is to hold elections and give the country a new mandate,” Shah said. Indigo has announced that it will operate four daily flights to and from Kathmandu starting Thursday (September 11), along with two special relief flights. “In addition, subject to regulatory approvals, two special relief flights will operate the same day, dedicated to bringing our customers home safely,” Indigo said in a post on X. The airline said these flights would also be offered at special fares for “ease of travel”. The Ahmedabad district administration issued a helpline number for its residents stranded in Nepal, amid the unrest in the country following violent protests, ANI reported. The administration advised its citizens to contact the helpline number 079-27560511 for assistance. “If any citizens of Ahmedabad district are currently on a trip to Nepal, the district administration has requested their relatives to immediately inform the helpline number,” a press release by the Resident Additional Collector said. “In addition, if any Indian expatriate citizens residing/stuck in Nepal-Kathmandu are in touch, they are advised to contact the Indian Embassy in Kathmandu on the following helpline numbers. District Disaster Management Center - Ahmedabad:- 079 - 27560511, State Disaster Management Center - Gandhinagar :- 079 - 23251900/902/914. Indian Embassy, Kathmandu - Nepal :- 977 - 980 860 2881, 977 - 981 032 6134,” it said, according to ANI. More than 15,000 inmates have escaped from 25 prisons across Nepal, The Kathmandu Post reported. The report said that this was one of the largest jailbreaks in the country, with five inmates being killed in Banke Juvenile Detention Centre during prison riots. Police opened fire during the chaos in Banke, with officials later saying that the shooting started after protesters attempted to seize weapons from security personnel guarding the facility. The Ministry of Civil Aviation has arranged additional flights on Wednesday and over the next few days in coordination with Air India and Indigo to bring back Indians stranded in Nepal. “ Airlines have been advised to keep their fares within reasonable levels. We remain committed to supporting our passengers while ensuring their safe travel during this time,” union minister for civil aviation said in a post on X. Nepal's health ministry on Wednesday said that 30 people had lost their lives and over 1000 had sustained injuries in the protests, The Kathmandu Post reported. The protests, which broke out on Monday over the ban on social media platforms, took a violent turn, leading to the resignation of Nepal PM KP Sharma Oli. Data released by the health ministry stated that 713 injured had been discharged from hospitals, 253 had been newly admitted, and 55 patients had been referred to other facilities. The protestors, in a four hour virtual meeting on Wednesday, chose former chief justice Sushila Karki to become the interim leader of Nepal. Karki is the first female chief justice of Nepal, and has delivered several significant rulings during her tenure. Amid the unrest in Nepal, the Delhi Transport Corporation (DTC) has suspended bus services from Delhi to Kathmandu, an official told PTI. The Rajasthan government set up a special cell in the Rajasthan Police Headquarters, issuing helpline numbers to assist Indians stranded in Nepal amid the unrest in the neighbouring country. The helpline numbers were issued under directions given by Rajasthan Chief Minister Bhajanlal Sharma. According to a press release, Indians in Nepal can contact the special cell in the office of Additional Director General of Police, Law and Order. The 24x7 helpline numbers are – 0141-2740832 and 0141-2741807 and WhatsApp number 9784942702. Amid the political instability in neighbouring Nepal, the Uttarakhand police is on high alert. The police and the Sashastra Seema Bal (SSB) conducted joint patrolling and surveillance in border areas of Pithoragarh, ANI quoted the Uttarakhand Police Headquarters as saying. Several Indian tourists are stranded in Kathmandu amid the unrest in Nepal after protests broke out over the ban on social media platforms, which was lifted eventually. One of the stranded tourists, while describing the situation in Nepal, said there was “absolute anarchy everywhere”. “Today we had a flight, but due to unrest in Kathmandu, all airline companies have cancelled their services. I am now held up in this hotel,” Gauri K, who had gone on a Kailash-Mansarovar expedition with her sister, told PTI over the phone. Gauri said that smoke could be seen from buildings torched by protestors, adding that gunshots were also heard in between. Five juvenile inmates died in a clash with security personnel at the Naubasta Correctional Home in Naubasta Regional Jail located in Baijnath Rural Municipality-3 of Banke, according to The Rising Nepal newspaper. During the incident, 149 of the 585 inmates in the prison and 76 of the 176 detainees from the juvenile home escaped. The Hilton Hotel in Kathmandu was left charred after being set on fire by protestors during the protests on Tuesday, drone visuals of the site released by ANI show. The Tribhuvan International Airport in Kathmandu has opened, after it was shut on Tuesday following violent protests, Reuters quoted an airport spokesperson as saying. The Rajasthan police has set up a special cell to assist the residents of the state and their families stranded in Nepal, PTI quoted officials as saying. According to a release, Rajasthan Chief Minister Bhajanlal Sharma has been in contact with the Indian Embassy in Kathmandu to get updates, directing the police to take immediate steps for assistance. West Bengal Chief Minister Mamata Banerjee on Wednesday said tourists from the state who are stranded in Nepal will be brought back in a couple of days. “I will appeal to the tourists stranded in Nepal not to panic. We will bring them back in a couple of days,” PTI quoted Mamata as saying. Most of the buildings set on fire by the protestors have been completely burnt, the firefighters told The Kathmandu Post. The blaze at the Hilton Hotel, Kathmandu, which started on Tuesday afternoon, remains out of control. “As it is a high-rise building, we have not been able to reach the top floors,” Dhurba Kumar Bhujel, an official at the Kathmandu Fire Brigade, said. Most of the buildings–the Supreme Court, the Parliament Building, the Singha Durbar, the Commission for the Investigation of Abuse of Authority, and supermarkets are still burning, The Kathmandu Post quoted Bhujel as saying. The Nepal Army on Wednesday stepped up its crackdown on lootings, arresting four persons in Maharajgunj. Some suspicious individuals also fled on seeing security forces, leaving ₹ 232,500 and $2,500, and a looted weapon behind them, The Kathmandu Post reported. Further, the Army took into custody 26 inmates of the district prison in Dadeldhura who had escaped, and prevented others attempting to escape from the Central Prison in Dillibazar, Kathmandu. After taking charge of security, the Nepal Army, while patrolling the streets, also issued orders via loudspeakers, imposing a curfew as a political vacuum takes over the country, AFP reported. Nepal protests live updates: Amid ongoing protests in Nepal, an Air India spokesperson stated, “Air India flights to and from Kathmandu on 10 September have been cancelled as the airport remains closed. We are closely monitoring the situation and will provide updates. At Air India, passenger and crew safety is our top priority.” Nepal protests live updates: Amid the unrest in Nepal, Andhra Pradesh’s Real Time Governance (RTG) Minister Nara Lokesh has assumed charge of coordinating rescue efforts for Telugu citizens stranded in different parts of the neighbouring country. On Wednesday, Lokesh visited the RTG Centre at the State Secretariat and reviewed the situation with senior officials. AP Bhavan authorities briefed him, confirming that around 215 Telugu nationals remain stranded. Taking a serious view, Lokesh directed officials to act swiftly to secure their safe return. He instructed that immediate relief be provided, stranded citizens moved to safer areas, and updates given regularly. ""Updates on their safety and well-being must be collected every two hours,"" the minister told officials during the meeting. Nepal protests live updates: Karnataka chief minister Siddaramaiah has instructed state officials to ensure the safe return of 30 Kannadigas stranded at Kathmandu airport in Nepal amid the ongoing unrest. The widespread anti-corruption protests, which forced Prime Minister KP Sharma Oli to resign, have left several Indian nationals stuck in the neighbouring country. Following this, the Chief Minister asked Chief Secretary Shalini Rajneesh to take up the matter with the relevant authorities and initiate the necessary steps for their return. According to the Chief Minister’s Office (CMO), all the stranded Kannadigas in Nepal are reported to be safe. A day after Gen Z protesters set fire to Nepal's federal Parliament building in Kathmandu amid their anti-government protests, a spokesperson for the lower house, Ekram Giri, told Reuters, ""I have been informed by the (parliament) security chief that the fire has destroyed the entire infrastructure."" Security forces were seen guarding the Parliament, patrolling deserted streets on Wednesday as curfew orders were in place across the capital. Nepal protests live updates: The Nepalese Army has reportedly arrested 27 persons involved in looting, arson, and other violent acts during the ongoing Gen Z-led protests across Nepal. The arrests were made between 10 pm on Tuesday and 10 am on Wednesday, The Himalayan Times reported. The development came as the Army took charge of the security operations in the country on Tuesday night. Authorities also seized large amounts of cash, weapons, and firearms, along with ammunition, among other things. Karnataka chief minister Siddaramaiah directed officials to ensure the safe return of 30 Kannadigas stranded at Kathmandu's Tribhuvan International Airport, which is currently closed due to security concerns amid the ongoing unrest in Nepal. According to the CM's office, the stranded individuals are safe. Nepal protests live updates: The Sashastra Seema Bal detained ten under-trial inmates of Nepal prison while trying to enter India. Nepal protests live updates: UN Secretary-General Antonio Guterres expressed anguish over the situation in Nepal and extended his condolences to the lives lost in the violent protests in the Himalayan nation. A spokesperson for the UN chief said that Guterres is closely following the situation in Nepal. ""He urges a thorough investigation into these events. The Secretary-General urges restraint to avoid a further escalation of violence and calls on the authorities to comply with international human rights law. He underscores that protests must take place in a peaceful manner, respecting life and property. He calls for dialogue towards forging a constructive path forward,"" the spokesman said. Nepal protests live updates: Army personnel were seen sitting down and speaking with inmates of the Dillibazar Jail, who stepped out and demanded that they be released from the prison. The jailbreak took place amid the violent protests that took place across Kathmandu on Tuesday. Nepal protests live updates: China on Wednesday urged its citizens to ""pay close attention to safety"" amid the ongoing unrest in Nepal after Gen Z protesters shook the Himalayan nation on Tuesday. ""It is hoped that all sectors of Nepal can properly handle domestic issues and quickly restore social order and national stability. China has already reminded its citizens in Nepal to pay close attention to safety,"" foreign ministry spokesman Lin said during a regular press briefing. Nepal protests live updates: During a regular press briefing, the Chinese foreign ministry addressed the Nepal protests and said it requested the country to ensure the security of Chinese nationals and institutions. It noted that so far, Beijing has not received any reports of Chinese nationals being hurt in the Nepal protests and violence. Spiritual leader Sri Sri Ravi Shankar, while speaking to reporters in Nagpur, responded to a question on the current situation in Nepal and said that many of his followers are in the Himalayan nation, adding that he is in touch with them. ""Frustration among the youth kept rising.But whenever an agitation takes place, anti-social elements enter. It seems that there could also be an international conspiracy at place,"" he added. Nepal protests live updates: China's foreign ministry, during a regular press briefing, reacted to the situation in Nepal and said it hoped that the Himalayan country ""can restore social order, national stability as soon as possible"". China's foreign ministry issued a statement on the ongoing tensions in Nepal and hoped that the citizens can ""properly handle"" domestic issues. Nepal protests live updates: West Bengal Governor CV Ananda Bose will visit the India-Nepal border in Darjeeling's Panitanki on Wednesday to attend a local programme. He will be accompanied by Lady Governor Lakshmi Ananda Bose, ADC to the Governor Rahul Pandey, OSD to the Governor Shrikumar Bandopadhyay, PSO Rakesh Pandey and attendants Abhijit Thakur and Amitava Bose. His visit comes against the backdrop of the intensified security at the border towns in view of the Gen Z protests and tense situations in the neighbouring country of Nepal. The UN High Commissioner for Human Rights, Volker Turk, expressed deep concerns over the violent protests in Nepal, which left at least 19 people dead and over 300 others injured. Turk said he was ""appalled"" by the brutality seen in recent days, calling on the Nepali security forces to exercise maximum restraint in response to the unrest. ""I plead with security forces to exercise utmost restraint and avoid further such bloodshed harm.Violence is not the answer,"" he added. Turk stressed that dialogue is the ""best and only way"" to address the concerns of Nepal's citizens, saying it is important for the voices of the youths to be heard. ""I have received concerning reports of unnecessary and disproportionate use of force by the security forces. I call for an urgent, thorough, transparent and impartial investigation into such acts,"" Turk added. Army personnel are holding back a large number of inmates from the Dillibaza Jail as they stepped out of the jail and are demanding to be released from the prison. Police personnel retreated from the prisons, except the Police headquarters, as the Nepalese Army took control of the security operations in the country. Nepal protests live updates: The Indian Embassy in Nepal said that in addition to the issued helpline numbers, citizens can also reach out to authorities via email: The Hilton Hotel in Kathmandu was still burning in the fire, set by protesters on Tuesday, with plumes of smoke billowing into the sky. Nepal protests live updates: As curfew orders remain in force across the capital, a day after the violent protests set major parts of Kathmandu on fire, the armed police force (APF) conducted patrolling in the city. Nepal protests live updates: Security forces were seen standing guard and patrolling inside and outside the Sital Niwas, the Nepali Rashtrapati Bhawan, in Kathmandu, a day after protesters vandalised the infrastructure in the anti-government protests. Nepali president Ram Chandra Paudel is likely to meet the Gen Z protesters on Wednesday to achieve a peaceful resolution to the ongoing anti-government protests through dialogue. He will reportedly be meeting with a delegation of the protesters with the Nepali Army. The President called for the talks to resolve the crisis without further bloodshed or destruction through dialogue, The Himalayan Times reported. ""I urge all sides to remain calm, prevent further harm to the nation, and come to the table for talks. In a democracy, the demands raised by citizens can be addressed through dialogue and negotiation,"" the statement was quoted in the report. Andhra Pradesh Nara Lokesh reviewed rescue efforts for the 215 Telugu people stranded in Nepal. He spoke to them and assured their safe return with support from the Central government. Security has been tightened in Banke at the India-Nepal border as a measure to restore calm in the region. Violent anti-government protests across the country left the Himalayan nation in flames. Protesters set ablaze major symbols of the regime, including the federal Parliament building. Nepal protests live updates: The Sashastra Seema Bal (SSB) and the West Bengal police have intensified security at Panitanki in Darjeeling, the India-Nepal border town and the principal transit point to Nepal from north Bengal and Northeast. In a latest update, IndiGo said that due to the continued closure of the Tribhuvan International Airport in Kathmandu, all of the airline's flights to and from the capital will remain cancelled till 6 pm on Wednesday. ""We fully understand the uncertainty this may cause and want to assure you that flexible options remain open. We continue to extend waivers on rescheduling and cancellations for travel to and from Kathmandu until September 12, applicable for bookings made on or before September 9,"" it said. The airline further stated, ""While operations are on hold, our teams are actively coordinating with the relevant authorities and remain fully prepared to restore services as soon as permissions are granted. Regular updates will continue to be shared through our official channels."" Nepal protests live updates: In a latest statement, the Nepalese Army has said that the curfew orders will remain in force on Wednesday, adding that they will be in place on Thursday, September 11, from 6 am to 6 pm. ""In the current adverse situation, the Nepali Army sincerely appeals to all citizens for their cooperation in fulfilling its responsibility of maintaining peace and security in the country. The Army expresses deep sorrow over the loss of life and property during the protests. It also urges everyone to cooperate in controlling criminal activities carried out under the cover of demonstrations,"" the statement said. ""Even during protests, some unruly individuals and groups have been involved in arson, looting, vandalizing public and private property, forced entry, violent attacks targeting individuals, attempted rapes, and similar activities. Considering the possibility of such incidents, a prohibitory order has already been issued to safeguard the peace and security situation in the country,"" it noted. Hence, the prohibitory order, which has been in effect since yesterday, will remain in force till 5 pm on Wednesday and will again continue to be in place from 6 am to 6 pm on Thursday. Nepal protests live updates: Ahead of the anticipated meeting between Nepal's Gen-Z protesters and President Ram Chandra Poudel, one protester stated that while the violence of the past two days may subside, their demands for new rules and regulations to curb corruption should be addressed. “The PM of our country, KP Sharma Oli, ran away. We demand a good leader. We will get to know what will happen today (during the expected conversation with the Rashtrapati Bhavan),” Subhash, a protester, told ANI on Wednesday. Highlighting the need for capable leadership from political parties and the administration, he added that he hopes the youth will receive greater opportunities in the country. An Indian national from Mumbai, who went to Nepal for an 8-day tour as part of a group of 15 people, is stranded in Kathmandu. ""We had come for the darshan of Lord Pashupatinath and to visit places in Nepal.We reached here on 8th September. We visited Pashupatinath Temple but now we are stranded following the protests. We called up the Indian Embassy and they told us to stay put in a safe place wherever we are. They will tell us about what is to be done next. We had a tour plan for 8 days.We are a group of 15 people,"" Mayur Patil told news agency ANI. The Nepalese Army conducted patrolling across Kathmandu, a day after massive protests saw the capital going up in flames. Several key parts of the regime, including the federal Parliament building, were set ablaze by the Gen Z protesters.",news,Nepal protests highlights: Army chief meets Gen Z representatives in bid to restore peace,https://www.hindustantimes.com/world-news/nepal-protests-live-updates-army-control-kathmandu-gen-z-protesters-tribhuvan-airport-kp-sharma-oli-resigns-latest-news-101757464949366.html,2026-03-23T18:25:18Z
